session_id,network_packet_size,protocol_type,login_attempts,session_duration,encryption_used,ip_reputation_score,failed_logins,browser_type,unusual_time_access,attack_detected
SID_00001,599,TCP,4,492.98,DES,0.61,1,Edge,0,1
SID_00002,472,TCP,3,1558.00,DES,0.30,0,Firefox,0,0
SID_00003,629,TCP,3,75.04,DES,0.74,2,Chrome,0,1
SID_00004,804,UDP,4,601.25,DES,0.12,0,Unknown,0,1
SID_00005,453,TCP,5,532.54,AES,0.05,1,Firefox,0,0
SID_00006,453,UDP,5,380.47,AES,0.42,2,Chrome,1,0
SID_00007,815,ICMP,4,728.11,AES,0.41,1,Chrome,0,1
SID_00008,653,TCP,3,12.60,DES,0.10,3,Chrome,1,1
SID_00009,406,TCP,2,542.56,N/A,0.29,0,Chrome,1,0
SID_00010,608,UDP,6,531.94,N/A,0.42,1,Chrome,0,0
SID_00011,407,UDP,6,580.72,DES,0.12,3,Firefox,0,1
SID_00012,406,UDP,9,191.05,DES,0.34,1,Edge,0,1
SID_00013,548,TCP,2,186.15,N/A,0.41,2,Safari,1,0
SID_00014,117,TCP,4,833.49,DES,0.47,2,Unknown,0,1
SID_00015,155,TCP,3,77.85,N/A,0.35,3,Chrome,0,1
SID_00016,387,ICMP,6,292.14,DES,0.25,3,Chrome,0,1
SID_00017,297,TCP,8,1421.41,AES,0.35,3,Firefox,0,1
SID_00018,562,UDP,1,87.64,N/A,0.14,2,Firefox,0,0
SID_00019,318,TCP,5,504.99,AES,0.39,1,Unknown,0,1
SID_00020,217,ICMP,2,883.62,DES,0.31,0,Chrome,0,0
SID_00021,793,TCP,3,122.19,AES,0.37,2,Firefox,0,0
SID_00022,454,TCP,1,299.71,N/A,0.37,1,Chrome,0,0
SID_00023,513,TCP,3,654.53,AES,0.50,1,Firefox,0,0
SID_00024,215,TCP,8,317.08,AES,0.46,2,Chrome,0,1
SID_00025,391,TCP,5,93.17,AES,0.54,2,Firefox,0,0
SID_00026,522,TCP,4,211.60,AES,0.11,3,Firefox,0,1
SID_00027,269,TCP,9,92.70,N/A,0.51,0,Chrome,0,1
SID_00028,575,TCP,3,3286.22,DES,0.42,0,Chrome,0,0
SID_00029,379,UDP,2,214.98,AES,0.79,2,Chrome,0,1
SID_00030,441,TCP,7,604.96,AES,0.34,0,Firefox,0,1
SID_00031,379,TCP,1,447.62,DES,0.10,0,Chrome,0,0
SID_00032,870,UDP,2,674.27,DES,0.27,1,Chrome,0,1
SID_00033,497,TCP,1,551.47,N/A,0.04,1,Chrome,1,0
SID_00034,288,ICMP,2,1039.10,AES,0.11,3,Chrome,0,1
SID_00035,664,TCP,6,1650.94,N/A,0.39,2,Chrome,1,0
SID_00036,255,TCP,2,268.71,AES,0.52,1,Chrome,1,0
SID_00037,541,TCP,5,162.29,N/A,0.14,2,Chrome,0,0
SID_00038,108,TCP,7,3325.31,AES,0.08,2,Firefox,0,1
SID_00039,234,TCP,5,1608.37,DES,0.65,4,Firefox,0,1
SID_00040,539,TCP,4,361.94,DES,0.31,0,Chrome,0,0
SID_00041,647,TCP,2,1801.41,N/A,0.30,1,Chrome,0,0
SID_00042,534,TCP,4,888.26,AES,0.04,3,Chrome,0,1
SID_00043,476,TCP,4,460.18,DES,0.40,2,Edge,0,0
SID_00044,439,TCP,5,1653.52,N/A,0.25,2,Chrome,0,0
SID_00045,204,TCP,4,899.84,DES,0.34,1,Chrome,0,0
SID_00046,356,TCP,2,1401.04,DES,0.67,1,Chrome,0,1
SID_00047,407,TCP,7,432.70,DES,0.08,3,Edge,1,1
SID_00048,711,TCP,5,1282.43,AES,0.21,2,Edge,0,1
SID_00049,568,TCP,6,365.74,AES,0.53,2,Unknown,0,1
SID_00050,147,TCP,1,1062.66,AES,0.26,1,Edge,0,0
SID_00051,564,TCP,2,457.50,N/A,0.22,1,Edge,1,0
SID_00052,422,TCP,5,415.62,AES,0.47,1,Chrome,0,0
SID_00053,364,TCP,5,1274.19,AES,0.87,2,Firefox,0,1
SID_00054,622,TCP,6,106.86,N/A,0.33,1,Firefox,1,1
SID_00055,706,TCP,4,2107.20,DES,0.47,2,Edge,1,0
SID_00056,686,TCP,3,568.53,DES,0.61,1,Firefox,0,1
SID_00057,332,TCP,2,808.64,AES,0.17,2,Chrome,0,0
SID_00058,438,TCP,4,415.71,DES,0.22,1,Chrome,0,0
SID_00059,566,UDP,5,830.48,DES,0.60,1,Firefox,0,1
SID_00060,695,UDP,1,989.89,AES,0.26,2,Edge,0,1
SID_00061,404,TCP,9,1622.86,DES,0.24,2,Chrome,0,1
SID_00062,462,TCP,5,1541.40,AES,0.04,2,Chrome,0,0
SID_00063,278,TCP,8,354.30,AES,0.51,2,Edge,0,1
SID_00064,260,UDP,6,765.38,AES,0.54,1,Chrome,0,0
SID_00065,662,TCP,3,1213.40,N/A,0.45,1,Safari,0,0
SID_00066,771,ICMP,6,1158.07,N/A,0.14,2,Chrome,1,0
SID_00067,485,TCP,5,1772.62,N/A,0.44,2,Chrome,0,0
SID_00068,700,TCP,6,1426.76,DES,0.20,4,Chrome,0,1
SID_00069,572,TCP,10,1012.27,DES,0.16,1,Chrome,0,1
SID_00070,370,TCP,1,1105.38,AES,0.41,2,Chrome,0,1
SID_00071,572,TCP,6,1317.89,AES,0.21,0,Edge,0,0
SID_00072,807,TCP,3,1455.58,AES,0.63,0,Unknown,0,1
SID_00073,492,TCP,4,347.92,AES,0.26,1,Edge,0,1
SID_00074,812,UDP,7,1217.91,DES,0.65,2,Chrome,0,1
SID_00075,64,TCP,6,2384.03,N/A,0.51,1,Chrome,0,0
SID_00076,664,TCP,3,212.18,N/A,0.11,0,Chrome,0,0
SID_00077,517,TCP,5,39.55,DES,0.34,1,Edge,0,1
SID_00078,440,UDP,5,60.12,DES,0.35,1,Chrome,0,0
SID_00079,518,UDP,7,195.41,AES,0.45,0,Chrome,0,1
SID_00080,102,TCP,3,2018.49,N/A,0.21,2,Edge,0,0
SID_00081,456,TCP,5,108.47,DES,0.11,2,Firefox,0,0
SID_00082,571,TCP,5,1101.40,DES,0.48,2,Chrome,1,0
SID_00083,795,TCP,6,1614.19,AES,0.18,2,Chrome,0,1
SID_00084,396,TCP,6,1679.85,N/A,0.61,0,Chrome,0,1
SID_00085,338,UDP,2,431.31,AES,0.33,1,Edge,0,0
SID_00086,399,TCP,3,546.97,N/A,0.60,0,Chrome,0,0
SID_00087,683,TCP,5,312.36,AES,0.34,3,Firefox,0,1
SID_00088,565,TCP,8,127.52,AES,0.20,2,Chrome,1,1
SID_00089,394,UDP,4,190.78,AES,0.38,1,Chrome,0,1
SID_00090,602,TCP,4,115.82,AES,0.28,1,Chrome,1,1
SID_00091,519,TCP,3,418.75,AES,0.51,2,Firefox,1,0
SID_00092,693,TCP,4,149.40,DES,0.75,2,Edge,0,1
SID_00093,359,TCP,4,413.21,AES,0.40,3,Chrome,0,1
SID_00094,434,UDP,7,1524.06,DES,0.27,0,Firefox,0,1
SID_00095,421,TCP,7,850.25,DES,0.74,3,Safari,0,1
SID_00096,207,UDP,4,869.55,AES,0.18,3,Firefox,0,1
SID_00097,559,TCP,3,1336.48,AES,0.28,1,Safari,0,0
SID_00098,552,TCP,2,33.65,AES,0.31,0,Firefox,0,0
SID_00099,501,UDP,3,1265.89,AES,0.36,2,Firefox,0,0
SID_00100,453,TCP,5,174.87,AES,0.44,2,Firefox,0,0
SID_00101,216,TCP,6,339.63,AES,0.79,0,Edge,0,1
SID_00102,415,TCP,2,294.58,AES,0.20,3,Chrome,0,1
SID_00103,431,TCP,2,89.33,AES,0.02,2,Firefox,0,0
SID_00104,339,TCP,3,152.65,DES,0.41,2,Firefox,0,0
SID_00105,467,ICMP,1,2505.19,AES,0.21,2,Chrome,0,0
SID_00106,580,ICMP,3,733.58,DES,0.24,2,Chrome,0,0
SID_00107,877,TCP,4,513.92,N/A,0.18,0,Edge,0,1
SID_00108,534,TCP,4,1134.38,N/A,0.64,2,Chrome,0,1
SID_00109,551,TCP,5,1344.49,DES,0.22,0,Firefox,0,0
SID_00110,485,TCP,6,93.46,DES,0.41,2,Chrome,0,0
SID_00111,116,TCP,4,1080.45,AES,0.46,0,Edge,0,0
SID_00112,494,TCP,6,2155.28,AES,0.41,1,Firefox,0,0
SID_00113,512,TCP,6,704.42,DES,0.22,1,Chrome,1,0
SID_00114,992,TCP,2,761.86,DES,0.04,1,Firefox,0,0
SID_00115,461,TCP,3,1634.69,DES,0.09,1,Edge,0,1
SID_00116,560,TCP,5,910.25,DES,0.29,2,Chrome,0,0
SID_00117,493,UDP,1,4282.64,DES,0.43,1,Unknown,0,0
SID_00118,266,TCP,5,265.80,N/A,0.31,2,Safari,1,1
SID_00119,728,TCP,9,1493.95,DES,0.34,0,Chrome,0,1
SID_00120,650,TCP,9,758.24,N/A,0.40,1,Chrome,1,1
SID_00121,658,TCP,3,364.23,DES,0.42,1,Chrome,0,0
SID_00122,318,TCP,2,1716.87,DES,0.17,1,Edge,0,0
SID_00123,780,TCP,5,4468.00,N/A,0.51,1,Chrome,0,0
SID_00124,219,ICMP,4,47.67,DES,0.08,3,Firefox,1,1
SID_00125,617,TCP,5,2077.81,AES,0.76,1,Firefox,0,1
SID_00126,938,TCP,5,181.63,AES,0.33,2,Firefox,0,0
SID_00127,301,TCP,6,183.72,AES,0.26,2,Firefox,0,0
SID_00128,386,ICMP,1,34.12,N/A,0.29,1,Chrome,1,0
SID_00129,519,UDP,8,2042.76,AES,0.23,3,Chrome,0,1
SID_00130,399,UDP,6,1139.69,AES,0.72,1,Chrome,0,1
SID_00131,189,TCP,1,43.94,AES,0.32,2,Chrome,0,0
SID_00132,513,ICMP,3,803.08,AES,0.15,0,Chrome,1,0
SID_00133,287,TCP,6,102.39,N/A,0.06,1,Chrome,0,1
SID_00134,594,TCP,9,1113.54,AES,0.20,1,Firefox,0,1
SID_00135,316,UDP,3,420.82,DES,0.10,0,Chrome,0,1
SID_00136,809,UDP,4,42.53,AES,0.18,1,Unknown,0,1
SID_00137,343,TCP,5,1414.78,AES,0.11,3,Edge,1,1
SID_00138,435,TCP,4,679.68,AES,0.25,3,Safari,0,1
SID_00139,662,TCP,1,1185.78,AES,0.51,2,Chrome,0,0
SID_00140,253,TCP,1,897.99,DES,0.24,4,Unknown,0,1
SID_00141,545,TCP,4,455.89,AES,0.26,3,Unknown,0,1
SID_00142,761,ICMP,1,959.63,AES,0.18,2,Chrome,0,0
SID_00143,178,TCP,3,11.89,AES,0.29,1,Edge,1,0
SID_00144,536,UDP,3,332.09,DES,0.70,0,Firefox,0,1
SID_00145,551,UDP,3,1203.53,DES,0.12,2,Chrome,0,0
SID_00146,656,TCP,5,1151.97,AES,0.35,1,Chrome,0,0
SID_00147,252,UDP,4,1747.20,AES,0.31,0,Firefox,0,1
SID_00148,235,TCP,3,755.43,AES,0.25,3,Chrome,0,1
SID_00149,604,TCP,3,2280.57,N/A,0.80,0,Chrome,0,1
SID_00150,559,TCP,3,652.64,AES,0.13,2,Chrome,0,0
SID_00151,550,TCP,1,555.24,N/A,0.37,2,Chrome,0,0
SID_00152,569,UDP,7,175.74,N/A,0.52,1,Chrome,1,1
SID_00153,363,ICMP,6,1207.08,AES,0.35,2,Chrome,0,0
SID_00154,546,TCP,5,942.27,AES,0.34,1,Chrome,0,0
SID_00155,558,UDP,9,494.08,DES,0.31,2,Safari,0,1
SID_00156,357,TCP,9,72.91,DES,0.20,2,Edge,0,1
SID_00157,873,UDP,3,107.47,DES,0.05,2,Chrome,0,0
SID_00158,594,TCP,3,97.25,AES,0.41,4,Chrome,0,1
SID_00159,261,TCP,10,376.77,N/A,0.24,1,Safari,0,1
SID_00160,631,TCP,6,138.51,AES,0.10,1,Chrome,0,0
SID_00161,305,TCP,6,1577.72,AES,0.35,1,Edge,0,0
SID_00162,657,TCP,6,1836.85,N/A,0.15,3,Chrome,0,1
SID_00163,731,UDP,5,1554.64,DES,0.25,2,Firefox,0,1
SID_00164,335,TCP,3,750.94,DES,0.12,3,Chrome,0,1
SID_00165,692,UDP,7,725.78,N/A,0.52,2,Chrome,0,1
SID_00166,582,UDP,5,1772.57,AES,0.23,1,Chrome,0,0
SID_00167,664,TCP,8,417.12,AES,0.37,2,Edge,0,1
SID_00168,879,TCP,5,51.50,N/A,0.10,0,Firefox,0,1
SID_00169,450,UDP,1,508.50,AES,0.26,2,Chrome,0,0
SID_00170,349,TCP,8,645.43,AES,0.24,1,Chrome,0,1
SID_00171,322,TCP,1,637.83,AES,0.20,1,Chrome,0,0
SID_00172,336,TCP,2,138.53,N/A,0.12,2,Chrome,0,1
SID_00173,484,TCP,5,1223.81,AES,0.40,1,Chrome,1,1
SID_00174,568,ICMP,5,1053.32,DES,0.19,2,Edge,0,1
SID_00175,555,TCP,5,208.94,AES,0.55,1,Chrome,0,0
SID_00176,665,TCP,6,640.99,DES,0.50,3,Firefox,0,1
SID_00177,502,TCP,12,1249.77,DES,0.30,1,Firefox,0,1
SID_00178,790,UDP,4,6.17,DES,0.20,2,Firefox,0,1
SID_00179,447,UDP,3,257.44,AES,0.07,0,Firefox,1,0
SID_00180,1044,TCP,4,510.98,AES,0.50,2,Edge,0,0
SID_00181,625,TCP,1,1491.63,AES,0.23,3,Chrome,0,1
SID_00182,328,TCP,4,1283.43,N/A,0.28,2,Chrome,0,0
SID_00183,285,TCP,7,130.95,DES,0.25,2,Chrome,1,1
SID_00184,596,TCP,2,497.02,AES,0.12,2,Chrome,0,0
SID_00185,455,ICMP,2,290.66,N/A,0.40,2,Firefox,0,0
SID_00186,642,TCP,1,410.57,N/A,0.25,2,Chrome,0,0
SID_00187,594,TCP,4,622.31,AES,0.81,2,Chrome,0,1
SID_00188,485,UDP,4,553.46,DES,0.09,2,Chrome,0,0
SID_00189,330,TCP,2,122.12,AES,0.55,0,Edge,0,0
SID_00190,197,TCP,7,103.80,AES,0.44,2,Edge,0,1
SID_00191,410,TCP,5,111.66,AES,0.39,1,Edge,0,0
SID_00192,671,TCP,4,1472.53,DES,0.11,3,Unknown,0,1
SID_00193,542,UDP,5,16.11,AES,0.31,1,Firefox,1,0
SID_00194,250,TCP,4,180.92,AES,0.18,1,Chrome,0,0
SID_00195,534,TCP,7,2496.89,DES,0.25,1,Chrome,0,1
SID_00196,577,TCP,5,54.64,N/A,0.30,1,Edge,0,0
SID_00197,323,UDP,5,29.60,DES,0.28,1,Chrome,0,0
SID_00198,530,TCP,5,391.94,DES,0.30,2,Firefox,0,0
SID_00199,511,TCP,2,131.15,AES,0.14,2,Chrome,0,0
SID_00200,271,ICMP,3,667.33,DES,0.09,3,Chrome,0,1
SID_00201,571,TCP,5,330.69,DES,0.10,0,Firefox,0,0
SID_00202,612,UDP,3,187.53,DES,0.53,2,Safari,0,0
SID_00203,716,TCP,3,5258.01,N/A,0.08,2,Chrome,0,0
SID_00204,710,TCP,2,333.75,DES,0.37,3,Firefox,0,1
SID_00205,224,TCP,5,819.56,DES,0.26,2,Edge,0,0
SID_00206,312,TCP,4,1657.90,AES,0.24,1,Chrome,0,0
SID_00207,603,TCP,8,2044.82,AES,0.65,3,Chrome,0,1
SID_00208,602,TCP,7,422.28,AES,0.22,3,Edge,0,1
SID_00209,603,TCP,1,2988.99,DES,0.28,2,Chrome,0,0
SID_00210,1270,TCP,5,1031.52,DES,0.77,1,Chrome,0,1
SID_00211,614,TCP,7,700.26,AES,0.15,3,Chrome,0,1
SID_00212,727,ICMP,2,945.45,AES,0.65,1,Chrome,0,1
SID_00213,690,TCP,8,357.20,N/A,0.21,1,Chrome,0,1
SID_00214,630,ICMP,3,441.88,AES,0.34,2,Edge,0,0
SID_00215,436,TCP,2,706.03,AES,0.36,0,Chrome,0,0
SID_00216,651,TCP,7,316.61,AES,0.27,2,Chrome,0,1
SID_00217,345,TCP,3,1171.62,N/A,0.38,1,Unknown,1,1
SID_00218,452,UDP,4,231.31,AES,0.18,3,Safari,0,1
SID_00219,402,UDP,6,1274.87,AES,0.42,1,Chrome,0,1
SID_00220,516,TCP,7,132.05,DES,0.26,2,Chrome,1,1
SID_00221,962,UDP,3,196.10,AES,0.57,1,Chrome,1,0
SID_00222,126,TCP,2,1119.00,AES,0.25,1,Chrome,0,1
SID_00223,637,TCP,7,244.29,N/A,0.12,1,Chrome,0,1
SID_00224,177,ICMP,3,1269.34,N/A,0.11,1,Firefox,0,0
SID_00225,405,UDP,5,1225.50,AES,0.73,0,Chrome,0,1
SID_00226,717,ICMP,3,237.97,AES,0.61,2,Unknown,0,1
SID_00227,512,TCP,2,60.71,AES,0.43,3,Chrome,1,1
SID_00228,284,TCP,5,145.56,AES,0.47,1,Firefox,0,0
SID_00229,356,TCP,5,1117.16,AES,0.24,1,Chrome,0,0
SID_00230,635,TCP,10,1501.82,AES,0.07,3,Firefox,0,1
SID_00231,353,UDP,5,386.38,AES,0.43,0,Chrome,0,0
SID_00232,543,TCP,4,143.51,N/A,0.16,0,Edge,0,0
SID_00233,509,TCP,5,62.78,AES,0.66,2,Chrome,0,1
SID_00234,369,TCP,4,194.49,DES,0.44,1,Chrome,0,0
SID_00235,928,TCP,5,3117.11,AES,0.22,2,Chrome,0,0
SID_00236,626,TCP,6,149.33,DES,0.49,1,Chrome,0,1
SID_00237,94,TCP,3,72.09,AES,0.17,2,Chrome,0,0
SID_00238,537,UDP,4,1231.46,AES,0.32,0,Chrome,0,0
SID_00239,367,TCP,6,764.47,N/A,0.55,1,Chrome,0,0
SID_00240,670,UDP,4,612.27,DES,0.63,2,Chrome,0,1
SID_00241,341,TCP,4,475.15,DES,0.11,1,Chrome,0,1
SID_00242,477,TCP,5,968.10,N/A,0.18,0,Chrome,0,0
SID_00243,600,TCP,3,958.80,N/A,0.32,1,Edge,0,0
SID_00244,673,UDP,5,441.91,AES,0.25,3,Chrome,0,1
SID_00245,259,TCP,3,213.50,AES,0.59,3,Firefox,0,1
SID_00246,433,TCP,3,1472.41,DES,0.46,3,Edge,1,1
SID_00247,405,TCP,10,143.90,AES,0.57,1,Chrome,0,1
SID_00248,369,TCP,3,610.87,AES,0.31,2,Firefox,0,0
SID_00249,853,UDP,4,943.88,AES,0.40,3,Firefox,0,1
SID_00250,580,UDP,2,814.83,N/A,0.13,2,Chrome,0,0
SID_00251,247,TCP,5,771.53,DES,0.13,2,Chrome,0,1
SID_00252,683,TCP,3,868.97,N/A,0.30,0,Chrome,0,0
SID_00253,924,UDP,6,1667.76,AES,0.29,2,Chrome,0,0
SID_00254,706,TCP,4,363.80,AES,0.25,2,Firefox,1,0
SID_00255,196,TCP,3,789.88,AES,0.26,1,Chrome,0,0
SID_00256,403,TCP,3,955.13,N/A,0.27,1,Chrome,0,0
SID_00257,753,TCP,2,713.92,AES,0.56,2,Edge,0,0
SID_00258,358,TCP,2,1866.46,DES,0.45,1,Safari,1,0
SID_00259,588,UDP,2,850.86,DES,0.21,4,Chrome,0,1
SID_00260,654,TCP,6,441.91,DES,0.10,0,Edge,0,0
SID_00261,314,TCP,6,1494.50,DES,0.08,3,Safari,0,1
SID_00262,488,UDP,5,538.00,AES,0.30,0,Chrome,0,0
SID_00263,64,TCP,4,604.30,AES,0.25,1,Chrome,0,1
SID_00264,295,TCP,4,698.35,DES,0.45,4,Firefox,0,1
SID_00265,449,TCP,2,311.81,AES,0.30,1,Chrome,0,0
SID_00266,250,TCP,4,1025.66,AES,0.14,2,Chrome,0,0
SID_00267,826,UDP,9,82.62,AES,0.39,1,Chrome,0,1
SID_00268,213,UDP,3,1625.13,AES,0.29,1,Chrome,0,0
SID_00269,411,TCP,4,1123.69,AES,0.08,1,Chrome,0,0
SID_00270,526,UDP,3,349.11,N/A,0.24,2,Chrome,0,1
SID_00271,788,TCP,5,205.35,DES,0.31,2,Edge,1,0
SID_00272,212,UDP,6,392.69,AES,0.37,1,Chrome,1,0
SID_00273,732,TCP,2,1308.02,AES,0.19,4,Edge,0,1
SID_00274,502,TCP,6,25.66,N/A,0.22,3,Chrome,0,1
SID_00275,303,TCP,4,504.78,N/A,0.04,1,Chrome,0,0
SID_00276,592,TCP,1,234.54,N/A,0.41,2,Edge,0,0
SID_00277,539,TCP,2,1663.24,AES,0.14,2,Safari,0,1
SID_00278,379,TCP,4,427.33,DES,0.71,1,Firefox,0,1
SID_00279,513,UDP,4,957.59,AES,0.21,1,Chrome,0,1
SID_00280,422,TCP,5,354.40,AES,0.04,1,Safari,0,1
SID_00281,522,ICMP,7,320.02,AES,0.72,1,Firefox,0,1
SID_00282,632,TCP,6,315.47,AES,0.38,2,Firefox,0,0
SID_00283,817,TCP,7,907.00,N/A,0.21,1,Chrome,0,1
SID_00284,252,UDP,5,2664.76,DES,0.32,2,Firefox,0,0
SID_00285,926,TCP,6,186.70,AES,0.26,1,Chrome,0,0
SID_00286,109,UDP,3,826.04,N/A,0.51,2,Firefox,0,0
SID_00287,469,UDP,3,246.78,AES,0.39,3,Chrome,0,1
SID_00288,617,TCP,3,637.65,DES,0.35,1,Chrome,0,1
SID_00289,556,TCP,3,624.01,DES,0.17,1,Firefox,0,0
SID_00290,375,TCP,3,478.34,AES,0.23,3,Chrome,0,1
SID_00291,458,TCP,6,552.35,DES,0.15,3,Chrome,0,1
SID_00292,401,TCP,4,1697.75,AES,0.43,2,Chrome,0,0
SID_00293,382,UDP,5,74.22,AES,0.08,2,Unknown,0,1
SID_00294,669,TCP,1,1418.90,AES,0.45,1,Chrome,1,0
SID_00295,571,TCP,3,496.38,AES,0.31,4,Firefox,0,1
SID_00296,361,TCP,4,324.68,N/A,0.31,0,Safari,0,0
SID_00297,679,ICMP,1,155.98,AES,0.35,2,Edge,0,0
SID_00298,561,TCP,4,1349.08,DES,0.42,1,Chrome,0,0
SID_00299,662,TCP,6,717.27,AES,0.34,3,Chrome,0,1
SID_00300,625,TCP,7,1042.67,N/A,0.22,2,Chrome,0,1
SID_00301,334,ICMP,4,302.63,DES,0.37,3,Chrome,0,1
SID_00302,387,ICMP,2,399.33,AES,0.40,1,Firefox,0,0
SID_00303,649,TCP,3,1959.42,DES,0.31,2,Firefox,0,0
SID_00304,622,UDP,3,2599.10,AES,0.06,2,Chrome,0,0
SID_00305,495,TCP,4,1077.17,AES,0.70,3,Unknown,1,1
SID_00306,523,ICMP,3,1107.20,DES,0.41,0,Chrome,0,0
SID_00307,755,TCP,1,948.38,AES,0.76,2,Firefox,0,1
SID_00308,381,TCP,6,707.85,AES,0.40,2,Firefox,1,1
SID_00309,609,TCP,5,723.25,DES,0.24,4,Chrome,1,1
SID_00310,459,TCP,7,2655.02,AES,0.39,2,Chrome,1,1
SID_00311,456,UDP,2,1111.96,AES,0.19,2,Chrome,1,0
SID_00312,719,TCP,6,852.16,AES,0.12,1,Chrome,0,0
SID_00313,665,ICMP,2,167.66,AES,0.31,1,Chrome,1,0
SID_00314,662,TCP,2,3020.39,N/A,0.21,0,Chrome,0,0
SID_00315,761,TCP,5,587.66,AES,0.22,3,Chrome,0,1
SID_00316,504,TCP,4,2301.84,AES,0.04,1,Firefox,0,0
SID_00317,636,TCP,5,1000.17,AES,0.53,2,Chrome,0,1
SID_00318,437,UDP,9,32.72,N/A,0.66,2,Chrome,0,1
SID_00319,564,TCP,5,619.48,AES,0.70,3,Chrome,0,1
SID_00320,473,TCP,3,1785.57,AES,0.21,1,Firefox,0,0
SID_00321,519,TCP,3,42.54,AES,0.09,3,Edge,0,1
SID_00322,619,TCP,1,1612.29,AES,0.29,1,Safari,0,0
SID_00323,336,ICMP,1,760.27,AES,0.17,1,Unknown,0,0
SID_00324,918,TCP,3,36.44,DES,0.09,0,Edge,0,1
SID_00325,298,UDP,5,374.21,DES,0.12,0,Chrome,0,0
SID_00326,257,TCP,1,24.51,DES,0.05,2,Chrome,0,0
SID_00327,731,TCP,2,1.37,AES,0.60,2,Chrome,0,0
SID_00328,658,ICMP,3,1813.97,AES,0.27,1,Firefox,0,1
SID_00329,624,TCP,4,1104.50,N/A,0.39,1,Chrome,0,0
SID_00330,625,TCP,4,273.40,DES,0.87,3,Chrome,0,1
SID_00331,497,TCP,5,96.57,AES,0.33,1,Firefox,0,1
SID_00332,320,TCP,5,44.78,AES,0.24,0,Chrome,0,0
SID_00333,515,UDP,4,1993.28,AES,0.43,1,Firefox,0,0
SID_00334,364,TCP,5,785.85,DES,0.24,2,Chrome,0,0
SID_00335,695,UDP,5,140.02,AES,0.27,1,Chrome,0,1
SID_00336,470,TCP,5,915.21,N/A,0.38,1,Chrome,0,0
SID_00337,334,TCP,4,5443.23,AES,0.14,1,Firefox,0,0
SID_00338,435,TCP,2,1241.04,AES,0.15,0,Chrome,0,0
SID_00339,582,TCP,4,473.24,AES,0.16,0,Chrome,0,0
SID_00340,387,ICMP,3,1346.37,N/A,0.51,3,Chrome,0,1
SID_00341,335,TCP,10,1091.02,N/A,0.42,2,Firefox,0,1
SID_00342,548,TCP,2,74.27,AES,0.43,0,Chrome,0,0
SID_00343,548,UDP,8,2079.68,AES,0.59,1,Chrome,0,1
SID_00344,398,UDP,1,1724.04,N/A,0.02,3,Firefox,1,1
SID_00345,405,TCP,1,714.37,AES,0.37,1,Firefox,1,0
SID_00346,546,UDP,5,567.66,AES,0.27,0,Edge,1,0
SID_00347,210,TCP,5,206.75,N/A,0.05,3,Chrome,0,1
SID_00348,218,TCP,2,1438.82,N/A,0.77,1,Safari,0,1
SID_00349,356,TCP,5,452.35,AES,0.37,3,Chrome,1,1
SID_00350,457,TCP,8,692.68,AES,0.04,2,Firefox,0,1
SID_00351,562,TCP,8,149.15,N/A,0.44,1,Edge,0,1
SID_00352,795,TCP,5,192.46,AES,0.52,4,Edge,0,1
SID_00353,671,TCP,3,3370.57,AES,0.36,3,Firefox,0,1
SID_00354,468,UDP,5,544.97,AES,0.27,1,Unknown,0,1
SID_00355,496,ICMP,3,1353.14,N/A,0.25,1,Chrome,0,0
SID_00356,299,UDP,5,1416.30,AES,0.58,0,Firefox,0,0
SID_00357,496,TCP,4,3192.43,AES,0.47,3,Chrome,0,1
SID_00358,442,TCP,2,3255.13,AES,0.46,3,Chrome,0,1
SID_00359,564,TCP,10,488.45,N/A,0.32,2,Chrome,0,1
SID_00360,334,TCP,3,2401.73,DES,0.09,3,Firefox,0,1
SID_00361,603,TCP,3,363.88,DES,0.63,1,Edge,0,1
SID_00362,806,TCP,6,748.46,DES,0.73,0,Chrome,0,1
SID_00363,478,UDP,5,1379.49,DES,0.55,2,Firefox,0,0
SID_00364,580,TCP,7,1960.74,AES,0.21,4,Chrome,0,1
SID_00365,638,TCP,4,593.60,N/A,0.20,1,Firefox,0,0
SID_00366,419,TCP,5,432.83,DES,0.46,1,Chrome,1,0
SID_00367,544,TCP,3,1043.09,DES,0.23,3,Chrome,1,1
SID_00368,502,TCP,2,486.94,DES,0.23,2,Unknown,0,0
SID_00369,519,TCP,2,891.31,AES,0.52,1,Edge,0,0
SID_00370,345,TCP,4,1304.61,AES,0.31,2,Firefox,1,0
SID_00371,504,TCP,5,1471.72,DES,0.56,1,Chrome,0,0
SID_00372,599,TCP,5,234.76,AES,0.33,2,Firefox,1,0
SID_00373,790,UDP,6,677.89,AES,0.06,1,Chrome,0,0
SID_00374,691,UDP,7,20.28,DES,0.10,1,Firefox,1,1
SID_00375,930,TCP,6,1278.63,DES,0.38,3,Edge,0,1
SID_00376,346,TCP,2,106.91,N/A,0.29,2,Firefox,0,0
SID_00377,674,UDP,1,1642.61,DES,0.26,2,Edge,1,0
SID_00378,536,TCP,5,417.79,AES,0.29,1,Chrome,1,0
SID_00379,937,TCP,6,146.44,AES,0.76,1,Chrome,0,1
SID_00380,338,TCP,4,1270.98,DES,0.39,2,Chrome,1,1
SID_00381,332,TCP,6,178.80,N/A,0.22,1,Edge,0,0
SID_00382,380,UDP,7,401.25,AES,0.22,4,Chrome,1,1
SID_00383,75,UDP,2,669.39,DES,0.70,1,Firefox,0,1
SID_00384,394,TCP,5,357.07,AES,0.08,1,Chrome,0,0
SID_00385,348,TCP,2,157.81,AES,0.13,3,Firefox,0,1
SID_00386,530,TCP,6,416.83,DES,0.09,1,Safari,1,0
SID_00387,568,TCP,7,124.62,DES,0.31,2,Chrome,0,1
SID_00388,875,ICMP,4,1015.96,AES,0.13,3,Chrome,0,1
SID_00389,690,TCP,5,150.52,N/A,0.15,2,Firefox,0,0
SID_00390,384,TCP,4,526.82,DES,0.12,1,Edge,0,0
SID_00391,320,UDP,4,657.47,DES,0.33,0,Chrome,0,0
SID_00392,598,UDP,2,2321.31,AES,0.05,2,Chrome,1,1
SID_00393,235,UDP,4,65.19,AES,0.25,2,Chrome,0,0
SID_00394,866,TCP,8,2132.63,N/A,0.12,1,Chrome,0,1
SID_00395,735,TCP,2,186.78,DES,0.12,2,Chrome,0,0
SID_00396,406,TCP,1,1470.76,N/A,0.39,2,Chrome,0,0
SID_00397,157,TCP,7,75.88,AES,0.10,2,Chrome,0,1
SID_00398,770,ICMP,2,3586.53,N/A,0.44,1,Chrome,0,0
SID_00399,477,TCP,2,1318.68,AES,0.36,0,Firefox,0,0
SID_00400,747,ICMP,3,52.02,AES,0.17,4,Chrome,0,1
SID_00401,181,TCP,5,192.75,AES,0.43,0,Chrome,0,1
SID_00402,380,UDP,4,636.22,N/A,0.52,3,Safari,0,1
SID_00403,501,TCP,5,593.15,AES,0.38,0,Unknown,0,1
SID_00404,509,ICMP,6,793.82,AES,0.15,2,Firefox,0,0
SID_00405,409,TCP,3,498.16,AES,0.19,0,Chrome,0,0
SID_00406,624,TCP,4,1059.90,AES,0.26,2,Safari,1,0
SID_00407,286,UDP,4,342.76,DES,0.16,0,Firefox,0,0
SID_00408,471,TCP,4,155.24,N/A,0.38,2,Chrome,0,0
SID_00409,524,TCP,3,27.49,AES,0.36,1,Edge,0,0
SID_00410,602,ICMP,5,314.16,AES,0.29,1,Chrome,0,0
SID_00411,642,TCP,6,445.33,DES,0.32,0,Firefox,0,0
SID_00412,275,TCP,6,860.86,AES,0.15,1,Chrome,0,0
SID_00413,193,TCP,2,1313.80,N/A,0.28,2,Firefox,1,0
SID_00414,755,UDP,6,219.62,AES,0.48,2,Chrome,0,0
SID_00415,566,TCP,5,543.72,N/A,0.62,2,Firefox,0,1
SID_00416,350,TCP,4,212.98,AES,0.32,3,Chrome,0,1
SID_00417,810,TCP,6,2415.45,AES,0.49,2,Firefox,0,0
SID_00418,523,TCP,1,834.27,DES,0.25,1,Chrome,0,1
SID_00419,735,TCP,5,906.32,N/A,0.04,2,Chrome,0,1
SID_00420,513,TCP,2,606.10,AES,0.44,1,Edge,0,1
SID_00421,912,TCP,6,264.84,AES,0.52,2,Chrome,0,1
SID_00422,851,TCP,7,178.94,DES,0.25,2,Firefox,0,1
SID_00423,450,TCP,4,855.19,AES,0.14,1,Chrome,0,0
SID_00424,694,TCP,4,2037.84,DES,0.13,4,Firefox,1,1
SID_00425,629,TCP,7,191.51,AES,0.18,0,Firefox,1,1
SID_00426,773,TCP,2,678.47,DES,0.17,1,Firefox,0,0
SID_00427,307,TCP,6,602.87,N/A,0.79,3,Edge,0,1
SID_00428,637,TCP,2,821.00,AES,0.14,1,Edge,0,0
SID_00429,711,TCP,5,708.98,N/A,0.05,2,Chrome,0,0
SID_00430,148,UDP,4,254.84,AES,0.23,1,Firefox,0,1
SID_00431,263,TCP,3,940.68,DES,0.12,3,Chrome,1,1
SID_00432,92,TCP,1,254.69,AES,0.29,4,Chrome,0,1
SID_00433,446,TCP,2,846.73,AES,0.58,1,Chrome,0,0
SID_00434,643,TCP,3,285.26,DES,0.25,3,Chrome,0,1
SID_00435,800,UDP,3,68.81,DES,0.56,1,Chrome,0,0
SID_00436,514,TCP,2,108.86,AES,0.37,2,Firefox,0,1
SID_00437,825,TCP,8,1437.08,AES,0.38,3,Edge,1,1
SID_00438,223,TCP,5,103.50,AES,0.63,2,Chrome,0,1
SID_00439,159,TCP,4,321.00,AES,0.17,2,Chrome,0,0
SID_00440,488,TCP,2,271.34,AES,0.12,3,Chrome,0,1
SID_00441,576,TCP,6,47.68,DES,0.44,2,Edge,0,0
SID_00442,493,UDP,4,732.07,N/A,0.53,0,Unknown,0,1
SID_00443,86,TCP,4,1282.71,DES,0.40,2,Chrome,0,1
SID_00444,482,TCP,3,3896.33,AES,0.26,3,Chrome,0,1
SID_00445,239,TCP,3,2199.50,N/A,0.68,2,Chrome,0,1
SID_00446,633,TCP,5,40.47,AES,0.12,2,Firefox,1,0
SID_00447,573,TCP,4,238.20,DES,0.05,1,Chrome,0,0
SID_00448,312,TCP,3,424.98,AES,0.12,2,Chrome,0,1
SID_00449,397,TCP,2,1663.65,DES,0.28,3,Firefox,0,1
SID_00450,288,TCP,4,357.14,AES,0.38,1,Edge,0,0
SID_00451,487,UDP,3,675.76,AES,0.30,3,Firefox,0,1
SID_00452,691,TCP,5,862.09,DES,0.28,2,Edge,1,0
SID_00453,302,UDP,4,283.01,N/A,0.66,1,Chrome,0,1
SID_00454,600,TCP,2,697.71,AES,0.28,2,Firefox,0,0
SID_00455,393,TCP,1,41.78,AES,0.32,1,Chrome,0,0
SID_00456,341,UDP,6,523.42,AES,0.33,2,Chrome,0,0
SID_00457,478,TCP,3,380.54,N/A,0.21,3,Edge,0,1
SID_00458,292,UDP,2,351.74,N/A,0.03,1,Firefox,1,0
SID_00459,389,UDP,2,214.19,AES,0.36,1,Firefox,0,1
SID_00460,260,TCP,4,1361.83,AES,0.52,1,Chrome,0,0
SID_00461,892,TCP,5,1709.13,AES,0.50,2,Safari,0,0
SID_00462,507,TCP,5,1752.32,AES,0.28,0,Firefox,1,0
SID_00463,360,ICMP,3,403.49,AES,0.16,1,Edge,0,0
SID_00464,542,UDP,3,239.98,AES,0.50,1,Chrome,1,0
SID_00465,477,TCP,2,82.88,AES,0.06,2,Firefox,1,0
SID_00466,455,TCP,3,892.79,AES,0.08,0,Edge,0,0
SID_00467,622,TCP,4,320.58,DES,0.55,1,Chrome,0,0
SID_00468,651,TCP,6,259.11,N/A,0.38,2,Chrome,0,0
SID_00469,393,TCP,3,371.46,N/A,0.25,0,Chrome,0,0
SID_00470,384,TCP,5,647.25,DES,0.43,1,Firefox,1,0
SID_00471,444,TCP,5,141.32,N/A,0.50,2,Chrome,0,0
SID_00472,64,TCP,4,2602.31,AES,0.12,0,Chrome,0,0
SID_00473,196,UDP,4,1055.25,AES,0.41,2,Chrome,0,0
SID_00474,773,UDP,2,38.33,AES,0.22,1,Chrome,0,0
SID_00475,828,UDP,4,293.14,AES,0.55,1,Safari,0,0
SID_00476,450,UDP,3,41.26,DES,0.17,1,Safari,0,0
SID_00477,615,TCP,6,208.56,AES,0.45,0,Unknown,0,1
SID_00478,562,TCP,3,270.16,DES,0.13,2,Edge,0,0
SID_00479,1115,TCP,1,1012.62,DES,0.46,1,Edge,0,0
SID_00480,723,UDP,3,1014.78,N/A,0.53,3,Edge,0,1
SID_00481,474,UDP,3,37.11,DES,0.79,2,Chrome,0,1
SID_00482,308,UDP,5,709.63,AES,0.19,2,Chrome,1,0
SID_00483,178,UDP,6,2593.52,DES,0.66,1,Edge,0,1
SID_00484,540,TCP,8,791.87,DES,0.13,1,Chrome,0,1
SID_00485,348,TCP,3,2586.12,DES,0.31,2,Edge,0,0
SID_00486,215,TCP,2,383.15,AES,0.31,0,Chrome,0,0
SID_00487,370,TCP,6,492.62,AES,0.15,0,Chrome,0,0
SID_00488,283,TCP,4,547.33,AES,0.16,1,Chrome,0,0
SID_00489,837,TCP,7,2061.06,AES,0.04,3,Chrome,0,1
SID_00490,676,TCP,3,382.79,AES,0.51,1,Edge,0,0
SID_00491,498,TCP,6,3279.57,AES,0.55,4,Safari,0,1
SID_00492,795,TCP,7,626.68,N/A,0.14,3,Firefox,1,1
SID_00493,515,TCP,3,196.84,AES,0.15,1,Chrome,0,0
SID_00494,327,TCP,2,87.57,DES,0.25,4,Chrome,0,1
SID_00495,804,TCP,4,151.84,DES,0.22,1,Edge,0,0
SID_00496,607,TCP,5,32.06,DES,0.42,3,Edge,0,1
SID_00497,292,UDP,6,942.93,AES,0.29,1,Safari,0,1
SID_00498,461,TCP,6,582.03,DES,0.41,3,Firefox,0,1
SID_00499,324,TCP,4,1071.30,DES,0.34,2,Chrome,1,0
SID_00500,223,UDP,6,1219.57,N/A,0.61,1,Chrome,0,1
SID_00501,685,UDP,2,2143.14,AES,0.40,2,Chrome,0,0
SID_00502,881,UDP,4,99.54,DES,0.36,1,Chrome,0,0
SID_00503,220,TCP,2,164.74,N/A,0.33,3,Safari,0,1
SID_00504,612,TCP,3,635.74,AES,0.62,1,Edge,0,1
SID_00505,369,TCP,4,110.97,DES,0.34,2,Chrome,0,0
SID_00506,402,TCP,4,77.84,AES,0.28,4,Firefox,1,1
SID_00507,381,UDP,8,878.10,AES,0.38,0,Edge,0,1
SID_00508,327,TCP,2,1031.95,N/A,0.10,1,Edge,0,0
SID_00509,509,TCP,6,1483.25,AES,0.10,2,Edge,1,0
SID_00510,333,TCP,3,1979.14,DES,0.43,2,Edge,0,0
SID_00511,554,TCP,3,467.43,AES,0.50,2,Firefox,0,0
SID_00512,489,TCP,5,3124.61,AES,0.35,0,Chrome,0,0
SID_00513,452,UDP,3,30.90,N/A,0.08,2,Chrome,1,1
SID_00514,318,UDP,6,1632.96,AES,0.17,3,Chrome,1,1
SID_00515,384,UDP,6,310.27,AES,0.48,1,Chrome,0,0
SID_00516,651,TCP,4,2037.91,AES,0.24,1,Firefox,0,1
SID_00517,600,TCP,2,201.44,AES,0.04,2,Chrome,0,0
SID_00518,304,TCP,5,1080.72,AES,0.50,3,Safari,0,1
SID_00519,519,TCP,5,443.34,DES,0.12,2,Chrome,0,0
SID_00520,650,UDP,2,384.32,DES,0.53,3,Chrome,0,1
SID_00521,166,TCP,3,49.01,AES,0.08,2,Chrome,1,0
SID_00522,608,UDP,5,979.10,DES,0.66,1,Edge,0,1
SID_00523,367,TCP,7,154.24,DES,0.23,3,Chrome,0,1
SID_00524,614,TCP,7,497.40,N/A,0.12,1,Chrome,1,1
SID_00525,347,TCP,1,121.88,N/A,0.26,3,Firefox,0,1
SID_00526,139,TCP,2,742.04,N/A,0.30,0,Chrome,0,1
SID_00527,174,UDP,3,210.20,AES,0.42,2,Firefox,0,1
SID_00528,509,TCP,8,721.90,AES,0.18,0,Firefox,0,1
SID_00529,551,UDP,7,2344.19,DES,0.21,0,Unknown,0,1
SID_00530,319,UDP,6,2029.82,AES,0.33,1,Unknown,0,1
SID_00531,627,TCP,5,178.98,N/A,0.34,2,Chrome,0,0
SID_00532,167,UDP,2,83.56,AES,0.46,1,Firefox,0,0
SID_00533,486,TCP,2,34.88,AES,0.52,1,Chrome,0,1
SID_00534,257,TCP,2,1410.56,AES,0.76,1,Firefox,0,1
SID_00535,369,UDP,1,229.41,DES,0.19,3,Chrome,0,1
SID_00536,509,ICMP,3,267.19,DES,0.32,3,Chrome,1,1
SID_00537,327,TCP,3,205.20,N/A,0.16,4,Chrome,0,1
SID_00538,423,TCP,3,1466.49,AES,0.22,1,Chrome,0,0
SID_00539,701,TCP,2,3086.86,DES,0.57,0,Chrome,0,1
SID_00540,384,TCP,6,1125.81,DES,0.32,0,Firefox,0,0
SID_00541,667,TCP,4,1387.90,N/A,0.44,3,Chrome,0,1
SID_00542,274,UDP,7,775.12,AES,0.51,2,Firefox,1,1
SID_00543,605,TCP,4,601.94,AES,0.26,1,Chrome,1,1
SID_00544,788,TCP,7,1022.89,AES,0.27,2,Chrome,1,1
SID_00545,64,TCP,1,29.13,DES,0.51,2,Edge,1,0
SID_00546,340,TCP,5,50.69,AES,0.22,3,Unknown,1,1
SID_00547,615,TCP,5,929.94,AES,0.33,2,Chrome,0,0
SID_00548,459,TCP,4,326.46,N/A,0.14,1,Chrome,0,0
SID_00549,574,UDP,4,536.85,AES,0.34,2,Edge,0,0
SID_00550,379,TCP,10,1218.58,N/A,0.15,0,Chrome,0,1
SID_00551,517,TCP,1,688.61,AES,0.25,1,Chrome,0,0
SID_00552,468,UDP,5,1308.88,DES,0.20,2,Chrome,0,0
SID_00553,733,TCP,3,434.62,DES,0.46,1,Chrome,0,0
SID_00554,550,TCP,4,271.09,AES,0.14,4,Chrome,0,1
SID_00555,567,TCP,5,214.13,AES,0.29,2,Firefox,0,0
SID_00556,417,TCP,1,112.96,DES,0.33,0,Edge,0,0
SID_00557,402,TCP,4,29.99,DES,0.46,3,Firefox,0,1
SID_00558,413,TCP,5,43.69,N/A,0.12,2,Chrome,0,0
SID_00559,578,UDP,4,252.86,AES,0.30,0,Chrome,1,0
SID_00560,415,UDP,3,261.04,DES,0.10,1,Chrome,0,0
SID_00561,557,TCP,5,384.73,AES,0.66,1,Chrome,0,1
SID_00562,915,TCP,2,716.44,DES,0.17,2,Chrome,0,0
SID_00563,674,TCP,2,1139.36,DES,0.17,1,Edge,0,0
SID_00564,434,TCP,4,176.22,AES,0.43,2,Chrome,0,1
SID_00565,740,TCP,6,1139.19,AES,0.06,2,Firefox,0,0
SID_00566,418,TCP,4,119.72,AES,0.52,0,Firefox,0,0
SID_00567,92,TCP,7,3585.91,DES,0.39,0,Chrome,1,1
SID_00568,298,UDP,7,268.42,DES,0.52,1,Chrome,0,1
SID_00569,125,TCP,1,1452.85,AES,0.31,2,Edge,0,1
SID_00570,429,UDP,2,169.04,N/A,0.67,2,Chrome,0,1
SID_00571,503,UDP,4,2406.94,N/A,0.30,1,Chrome,0,1
SID_00572,835,TCP,3,1401.85,DES,0.37,3,Firefox,0,1
SID_00573,565,UDP,3,356.27,DES,0.11,1,Firefox,0,0
SID_00574,456,UDP,3,437.81,AES,0.54,2,Chrome,0,0
SID_00575,665,TCP,3,3.08,AES,0.42,2,Chrome,0,0
SID_00576,64,TCP,5,231.67,DES,0.38,0,Edge,0,1
SID_00577,547,TCP,2,273.20,AES,0.51,1,Edge,0,1
SID_00578,654,UDP,3,482.26,AES,0.52,2,Firefox,1,0
SID_00579,204,TCP,3,119.77,DES,0.63,1,Safari,0,1
SID_00580,728,TCP,5,521.25,AES,0.02,1,Chrome,1,0
SID_00581,567,TCP,5,883.23,AES,0.40,3,Chrome,0,1
SID_00582,416,TCP,4,371.26,AES,0.11,2,Unknown,0,1
SID_00583,626,TCP,7,211.38,DES,0.31,0,Edge,0,1
SID_00584,954,UDP,5,634.76,DES,0.28,1,Chrome,0,0
SID_00585,536,TCP,3,23.55,AES,0.20,1,Chrome,0,0
SID_00586,549,UDP,5,333.43,AES,0.16,1,Chrome,0,0
SID_00587,408,UDP,10,599.93,AES,0.35,1,Firefox,0,1
SID_00588,330,TCP,2,327.39,AES,0.10,5,Chrome,0,1
SID_00589,666,TCP,1,339.02,AES,0.22,4,Chrome,0,1
SID_00590,328,UDP,3,1508.66,AES,0.23,0,Chrome,1,0
SID_00591,514,UDP,5,2174.38,AES,0.49,1,Chrome,0,0
SID_00592,404,TCP,5,1405.39,N/A,0.19,2,Chrome,0,0
SID_00593,595,TCP,3,83.28,N/A,0.65,2,Chrome,0,1
SID_00594,566,TCP,5,273.70,DES,0.20,0,Chrome,0,0
SID_00595,707,UDP,4,993.88,AES,0.30,0,Chrome,0,0
SID_00596,397,UDP,6,2931.91,DES,0.40,0,Chrome,0,1
SID_00597,446,TCP,3,221.95,DES,0.24,1,Firefox,1,0
SID_00598,304,UDP,2,1827.88,AES,0.15,3,Firefox,0,1
SID_00599,411,TCP,5,1074.63,AES,0.30,1,Firefox,1,0
SID_00600,575,UDP,4,3281.11,AES,0.18,1,Chrome,0,0
SID_00601,651,TCP,2,78.61,AES,0.14,1,Chrome,0,0
SID_00602,315,TCP,8,401.69,DES,0.47,2,Chrome,0,1
SID_00603,673,TCP,4,520.25,AES,0.28,1,Firefox,0,0
SID_00604,771,TCP,2,891.99,AES,0.63,1,Edge,0,1
SID_00605,582,TCP,12,848.99,DES,0.33,1,Firefox,0,1
SID_00606,875,TCP,5,1894.51,AES,0.29,1,Edge,0,0
SID_00607,345,TCP,6,1459.46,AES,0.06,0,Chrome,0,0
SID_00608,251,TCP,3,45.57,N/A,0.48,3,Firefox,0,1
SID_00609,144,TCP,4,533.27,AES,0.34,0,Chrome,0,0
SID_00610,799,UDP,3,418.13,AES,0.19,2,Edge,0,0
SID_00611,630,UDP,6,4686.83,AES,0.18,0,Chrome,0,0
SID_00612,488,TCP,6,445.86,AES,0.35,1,Firefox,0,0
SID_00613,555,TCP,2,918.12,DES,0.53,1,Chrome,0,0
SID_00614,274,TCP,1,267.74,AES,0.18,1,Edge,0,0
SID_00615,989,UDP,6,762.84,DES,0.30,1,Chrome,0,0
SID_00616,525,UDP,4,185.18,AES,0.51,2,Unknown,1,1
SID_00617,521,TCP,4,740.28,N/A,0.11,2,Firefox,0,0
SID_00618,645,UDP,6,1621.12,N/A,0.23,2,Firefox,0,0
SID_00619,596,UDP,1,15.54,AES,0.46,1,Safari,0,0
SID_00620,544,UDP,4,561.89,AES,0.30,3,Chrome,0,1
SID_00621,341,TCP,2,3230.55,DES,0.58,3,Chrome,0,1
SID_00622,594,TCP,3,138.78,AES,0.44,1,Firefox,0,0
SID_00623,876,TCP,1,162.10,AES,0.67,3,Chrome,0,1
SID_00624,769,TCP,6,509.15,AES,0.25,0,Chrome,0,0
SID_00625,818,TCP,3,1638.31,AES,0.35,1,Edge,0,1
SID_00626,397,TCP,3,661.82,AES,0.44,2,Chrome,1,0
SID_00627,302,TCP,5,568.57,DES,0.22,2,Chrome,0,0
SID_00628,474,TCP,2,72.60,AES,0.10,1,Chrome,0,0
SID_00629,511,TCP,1,2615.84,AES,0.32,1,Firefox,0,1
SID_00630,718,TCP,8,341.08,AES,0.24,0,Chrome,0,1
SID_00631,161,UDP,2,232.08,DES,0.55,2,Edge,0,0
SID_00632,805,UDP,4,424.47,N/A,0.18,3,Firefox,0,1
SID_00633,468,TCP,4,427.80,DES,0.14,1,Unknown,0,1
SID_00634,414,TCP,3,490.78,N/A,0.55,0,Safari,0,0
SID_00635,297,TCP,2,933.18,AES,0.10,2,Chrome,1,0
SID_00636,169,TCP,3,1619.64,AES,0.12,3,Edge,0,1
SID_00637,664,UDP,3,47.22,N/A,0.07,1,Chrome,0,0
SID_00638,514,TCP,4,539.88,AES,0.24,3,Chrome,0,1
SID_00639,242,TCP,5,427.52,N/A,0.29,1,Edge,0,0
SID_00640,240,UDP,5,8.75,DES,0.31,2,Chrome,0,0
SID_00641,432,TCP,3,1356.39,N/A,0.32,1,Firefox,1,0
SID_00642,833,TCP,3,88.13,AES,0.22,3,Edge,0,1
SID_00643,448,TCP,3,97.51,AES,0.05,0,Firefox,0,0
SID_00644,199,TCP,5,39.60,AES,0.19,3,Edge,1,1
SID_00645,450,TCP,7,178.94,AES,0.25,1,Chrome,0,1
SID_00646,445,TCP,1,155.66,N/A,0.45,0,Chrome,0,1
SID_00647,64,TCP,5,342.00,AES,0.34,1,Edge,0,0
SID_00648,489,UDP,3,861.33,DES,0.04,2,Firefox,1,1
SID_00649,453,TCP,2,44.66,DES,0.24,0,Chrome,0,0
SID_00650,639,UDP,3,1574.47,AES,0.45,2,Safari,0,0
SID_00651,869,TCP,1,316.31,N/A,0.25,3,Chrome,0,1
SID_00652,725,TCP,5,746.36,N/A,0.84,1,Firefox,0,1
SID_00653,446,TCP,3,9.66,DES,0.22,1,Chrome,0,0
SID_00654,278,TCP,3,364.32,N/A,0.65,0,Edge,0,1
SID_00655,1014,TCP,7,1.64,AES,0.21,1,Firefox,0,1
SID_00656,511,TCP,6,144.70,AES,0.42,1,Chrome,1,0
SID_00657,502,UDP,1,475.15,AES,0.49,2,Firefox,0,1
SID_00658,495,TCP,2,612.72,N/A,0.36,3,Chrome,0,1
SID_00659,539,TCP,6,132.78,DES,0.34,2,Chrome,0,0
SID_00660,471,UDP,3,1093.87,N/A,0.65,2,Chrome,0,1
SID_00661,385,TCP,3,167.59,AES,0.46,0,Chrome,0,0
SID_00662,390,TCP,6,98.50,AES,0.08,2,Chrome,0,0
SID_00663,493,UDP,4,324.48,DES,0.59,1,Safari,0,0
SID_00664,391,TCP,9,641.35,AES,0.26,1,Chrome,0,1
SID_00665,357,TCP,7,3600.78,N/A,0.46,1,Firefox,0,1
SID_00666,521,TCP,6,434.01,AES,0.03,2,Edge,0,1
SID_00667,449,TCP,2,444.10,DES,0.19,1,Firefox,1,0
SID_00668,800,TCP,5,48.93,DES,0.37,0,Chrome,0,0
SID_00669,64,TCP,4,1161.33,DES,0.33,1,Chrome,0,0
SID_00670,718,UDP,1,160.50,DES,0.43,1,Chrome,0,0
SID_00671,749,UDP,3,1092.58,AES,0.14,3,Chrome,0,1
SID_00672,85,TCP,8,1931.86,N/A,0.20,0,Chrome,0,1
SID_00673,431,TCP,5,1169.58,AES,0.17,2,Chrome,0,0
SID_00674,425,UDP,4,822.79,AES,0.09,2,Chrome,0,0
SID_00675,218,TCP,3,740.90,DES,0.04,0,Chrome,0,0
SID_00676,344,TCP,3,483.57,DES,0.38,2,Chrome,1,0
SID_00677,277,TCP,2,124.90,N/A,0.51,1,Chrome,0,1
SID_00678,850,UDP,9,1207.09,N/A,0.17,1,Chrome,0,1
SID_00679,687,TCP,5,519.03,AES,0.27,1,Edge,0,0
SID_00680,754,ICMP,2,786.04,AES,0.13,1,Edge,0,1
SID_00681,644,TCP,1,374.74,AES,0.45,3,Chrome,0,1
SID_00682,274,TCP,10,179.24,AES,0.43,1,Chrome,0,1
SID_00683,395,TCP,7,1314.02,AES,0.11,4,Safari,0,1
SID_00684,597,TCP,3,335.33,DES,0.17,0,Chrome,1,0
SID_00685,255,UDP,1,1612.00,N/A,0.28,2,Chrome,0,0
SID_00686,642,ICMP,6,2698.67,N/A,0.29,0,Chrome,0,0
SID_00687,451,TCP,1,1417.51,AES,0.34,2,Edge,0,0
SID_00688,425,ICMP,5,109.70,DES,0.15,2,Safari,0,1
SID_00689,642,UDP,2,1544.88,DES,0.06,2,Firefox,0,0
SID_00690,588,TCP,3,586.11,DES,0.01,1,Chrome,1,1
SID_00691,427,TCP,9,221.04,AES,0.19,2,Unknown,0,1
SID_00692,731,TCP,3,78.23,AES,0.22,1,Chrome,0,0
SID_00693,283,TCP,5,261.15,N/A,0.32,3,Chrome,0,1
SID_00694,623,TCP,5,118.27,DES,0.78,1,Chrome,0,1
SID_00695,618,TCP,3,20.78,DES,0.31,3,Chrome,0,1
SID_00696,438,TCP,5,3522.72,N/A,0.09,2,Chrome,0,0
SID_00697,565,UDP,4,1424.86,AES,0.13,0,Firefox,0,0
SID_00698,249,UDP,4,1074.43,AES,0.36,2,Firefox,0,0
SID_00699,684,TCP,2,171.56,AES,0.28,2,Chrome,0,0
SID_00700,463,TCP,3,22.50,DES,0.50,0,Chrome,0,0
SID_00701,395,TCP,6,531.19,AES,0.08,1,Edge,0,1
SID_00702,709,TCP,4,1082.89,DES,0.22,2,Safari,0,0
SID_00703,359,TCP,1,2633.96,AES,0.35,1,Chrome,0,1
SID_00704,218,TCP,4,1485.72,AES,0.64,1,Chrome,0,1
SID_00705,188,TCP,1,1791.71,N/A,0.56,0,Unknown,0,0
SID_00706,621,TCP,5,218.14,AES,0.37,2,Chrome,0,0
SID_00707,243,TCP,5,135.04,AES,0.53,0,Chrome,0,0
SID_00708,850,TCP,6,227.78,N/A,0.42,0,Firefox,0,0
SID_00709,83,UDP,4,119.34,DES,0.24,2,Chrome,0,0
SID_00710,839,ICMP,2,1281.51,AES,0.58,2,Edge,0,0
SID_00711,542,TCP,2,1866.79,AES,0.54,1,Firefox,0,0
SID_00712,480,TCP,4,293.78,AES,0.27,0,Firefox,0,0
SID_00713,391,TCP,1,1675.98,DES,0.49,0,Chrome,1,0
SID_00714,579,TCP,1,45.29,AES,0.15,0,Chrome,0,0
SID_00715,492,TCP,7,904.97,N/A,0.40,1,Unknown,1,1
SID_00716,720,TCP,6,599.76,DES,0.38,2,Chrome,1,0
SID_00717,522,UDP,3,259.19,AES,0.16,2,Chrome,0,0
SID_00718,530,TCP,5,1169.51,DES,0.38,2,Chrome,0,1
SID_00719,427,UDP,2,190.65,AES,0.09,4,Chrome,0,1
SID_00720,488,TCP,5,430.49,AES,0.33,1,Edge,0,0
SID_00721,561,TCP,8,989.91,DES,0.40,3,Chrome,0,1
SID_00722,157,TCP,5,330.27,AES,0.21,0,Edge,0,0
SID_00723,230,TCP,2,1546.81,DES,0.30,2,Chrome,0,0
SID_00724,648,TCP,5,1604.52,N/A,0.08,2,Chrome,0,0
SID_00725,534,TCP,5,181.05,N/A,0.25,2,Chrome,1,0
SID_00726,463,TCP,7,464.41,DES,0.64,0,Chrome,0,1
SID_00727,503,TCP,5,452.52,N/A,0.29,1,Edge,0,0
SID_00728,569,TCP,2,422.17,AES,0.42,3,Firefox,0,1
SID_00729,392,UDP,4,557.68,DES,0.25,2,Unknown,0,1
SID_00730,344,TCP,6,61.82,AES,0.41,3,Chrome,0,1
SID_00731,539,TCP,2,1632.48,AES,0.56,0,Chrome,0,0
SID_00732,304,TCP,2,273.90,DES,0.43,2,Chrome,0,0
SID_00733,581,UDP,1,1.45,AES,0.36,1,Firefox,0,0
SID_00734,159,TCP,4,924.41,AES,0.27,3,Firefox,0,1
SID_00735,705,TCP,4,840.94,AES,0.50,2,Firefox,0,0
SID_00736,594,TCP,5,3267.30,AES,0.35,3,Firefox,0,1
SID_00737,551,TCP,1,1016.22,AES,0.49,0,Chrome,0,0
SID_00738,696,TCP,6,323.62,AES,0.20,1,Chrome,1,0
SID_00739,833,UDP,5,2439.60,AES,0.23,3,Firefox,0,1
SID_00740,702,UDP,4,363.74,N/A,0.08,0,Chrome,0,0
SID_00741,131,TCP,6,1377.39,AES,0.44,2,Chrome,0,0
SID_00742,244,TCP,4,327.19,AES,0.31,3,Chrome,0,1
SID_00743,375,TCP,1,39.95,AES,0.35,0,Firefox,1,0
SID_00744,505,TCP,2,1058.76,AES,0.66,2,Chrome,0,1
SID_00745,603,UDP,5,344.89,AES,0.08,2,Edge,0,0
SID_00746,354,TCP,4,331.07,DES,0.40,2,Firefox,0,0
SID_00747,537,TCP,3,1006.61,N/A,0.64,2,Unknown,0,1
SID_00748,348,TCP,7,310.93,DES,0.55,2,Firefox,0,1
SID_00749,377,UDP,2,100.46,N/A,0.09,3,Chrome,1,1
SID_00750,218,TCP,5,414.70,DES,0.25,1,Chrome,1,0
SID_00751,315,TCP,5,1389.11,AES,0.33,1,Chrome,0,1
SID_00752,229,TCP,3,111.60,DES,0.35,2,Chrome,1,1
SID_00753,304,TCP,1,646.81,DES,0.39,2,Safari,0,1
SID_00754,710,ICMP,3,113.49,AES,0.20,1,Firefox,0,0
SID_00755,310,TCP,3,40.35,N/A,0.16,1,Edge,0,0
SID_00756,1026,TCP,8,380.77,N/A,0.11,1,Firefox,0,1
SID_00757,598,TCP,2,858.08,DES,0.26,1,Edge,0,0
SID_00758,536,UDP,4,257.25,AES,0.62,1,Firefox,0,1
SID_00759,328,TCP,5,472.08,AES,0.33,2,Chrome,0,0
SID_00760,640,TCP,4,540.77,DES,0.39,1,Chrome,0,1
SID_00761,384,TCP,3,1472.54,AES,0.07,1,Chrome,0,1
SID_00762,524,TCP,5,1367.31,AES,0.52,3,Firefox,0,1
SID_00763,1012,UDP,1,1.88,AES,0.37,3,Edge,0,1
SID_00764,480,UDP,2,427.44,DES,0.31,1,Edge,0,0
SID_00765,729,TCP,4,853.90,DES,0.12,1,Edge,1,0
SID_00766,359,TCP,4,1530.58,DES,0.25,4,Chrome,0,1
SID_00767,493,ICMP,5,40.11,AES,0.44,1,Edge,1,0
SID_00768,854,TCP,4,791.62,N/A,0.16,2,Chrome,0,0
SID_00769,374,TCP,1,1476.23,DES,0.38,3,Edge,0,1
SID_00770,862,TCP,8,235.58,DES,0.59,5,Edge,0,1
SID_00771,641,TCP,3,183.79,DES,0.21,1,Firefox,0,1
SID_00772,387,TCP,2,504.66,DES,0.12,1,Safari,0,1
SID_00773,626,UDP,5,2628.43,N/A,0.09,2,Chrome,0,0
SID_00774,694,UDP,2,944.43,DES,0.36,1,Chrome,0,1
SID_00775,624,TCP,6,441.99,AES,0.55,1,Firefox,0,0
SID_00776,185,TCP,5,16.87,DES,0.09,1,Chrome,1,0
SID_00777,354,TCP,1,650.85,AES,0.25,0,Edge,0,0
SID_00778,450,TCP,6,343.14,AES,0.47,1,Edge,0,0
SID_00779,485,TCP,4,164.35,AES,0.63,1,Firefox,0,1
SID_00780,624,TCP,6,554.75,AES,0.18,1,Chrome,0,0
SID_00781,535,ICMP,3,334.09,AES,0.63,4,Unknown,0,1
SID_00782,232,UDP,5,31.60,AES,0.13,2,Edge,0,1
SID_00783,576,TCP,1,1034.26,DES,0.23,1,Chrome,0,0
SID_00784,622,TCP,5,1055.16,DES,0.05,3,Chrome,0,1
SID_00785,611,TCP,4,771.61,AES,0.16,0,Firefox,0,0
SID_00786,716,ICMP,4,1470.18,AES,0.39,1,Chrome,0,0
SID_00787,666,TCP,2,181.70,AES,0.44,2,Chrome,0,0
SID_00788,591,TCP,4,269.72,N/A,0.24,1,Edge,1,1
SID_00789,485,TCP,5,490.96,AES,0.32,2,Chrome,0,1
SID_00790,167,UDP,5,49.65,AES,0.21,0,Unknown,0,1
SID_00791,585,UDP,3,1720.21,AES,0.22,1,Chrome,1,1
SID_00792,541,TCP,2,539.66,N/A,0.30,1,Edge,0,1
SID_00793,554,UDP,5,314.04,AES,0.39,0,Chrome,0,0
SID_00794,244,TCP,4,520.01,AES,0.51,1,Chrome,0,0
SID_00795,283,TCP,2,314.59,AES,0.14,1,Edge,1,0
SID_00796,710,UDP,5,269.79,N/A,0.14,1,Edge,1,0
SID_00797,492,UDP,4,475.39,AES,0.67,1,Firefox,0,1
SID_00798,636,TCP,2,526.08,DES,0.35,0,Safari,1,0
SID_00799,505,TCP,3,454.40,DES,0.70,1,Chrome,0,1
SID_00800,505,UDP,6,635.14,AES,0.22,1,Chrome,0,0
SID_00801,687,UDP,4,1223.68,N/A,0.47,2,Unknown,0,1
SID_00802,396,UDP,4,47.18,AES,0.35,1,Chrome,0,0
SID_00803,519,TCP,4,1335.01,N/A,0.30,1,Chrome,0,0
SID_00804,407,ICMP,3,207.57,DES,0.28,2,Chrome,0,0
SID_00805,413,ICMP,3,232.38,N/A,0.02,2,Safari,1,0
SID_00806,438,TCP,4,731.97,AES,0.49,0,Firefox,0,0
SID_00807,544,UDP,2,2972.88,AES,0.43,1,Chrome,0,0
SID_00808,404,TCP,4,14.04,AES,0.83,1,Chrome,0,1
SID_00809,751,TCP,5,894.56,DES,0.22,1,Chrome,1,0
SID_00810,321,TCP,5,954.95,AES,0.63,0,Edge,0,1
SID_00811,462,TCP,5,682.00,N/A,0.52,2,Chrome,1,0
SID_00812,412,TCP,7,7.79,DES,0.36,2,Unknown,0,1
SID_00813,789,UDP,4,745.84,N/A,0.28,2,Unknown,1,1
SID_00814,539,TCP,2,97.75,DES,0.27,2,Firefox,0,0
SID_00815,706,TCP,4,65.03,DES,0.13,1,Firefox,0,0
SID_00816,202,UDP,4,952.74,AES,0.28,3,Chrome,0,1
SID_00817,553,TCP,3,963.80,N/A,0.26,0,Chrome,0,0
SID_00818,677,TCP,5,1765.18,DES,0.07,2,Chrome,0,0
SID_00819,516,TCP,3,2.71,AES,0.29,1,Safari,0,1
SID_00820,713,TCP,5,380.83,N/A,0.47,2,Chrome,0,1
SID_00821,396,TCP,6,9.88,N/A,0.28,2,Unknown,0,1
SID_00822,781,UDP,1,362.88,AES,0.56,2,Edge,0,1
SID_00823,959,TCP,3,541.28,N/A,0.12,1,Chrome,0,0
SID_00824,427,UDP,5,603.56,AES,0.76,1,Chrome,1,1
SID_00825,410,TCP,6,351.96,AES,0.25,1,Chrome,0,0
SID_00826,790,TCP,4,1033.66,AES,0.25,0,Chrome,1,0
SID_00827,815,TCP,4,429.73,N/A,0.32,2,Firefox,0,0
SID_00828,395,UDP,5,582.40,DES,0.50,1,Chrome,0,0
SID_00829,415,TCP,3,1287.90,N/A,0.11,1,Safari,0,0
SID_00830,443,TCP,2,153.22,DES,0.10,2,Chrome,0,0
SID_00831,231,TCP,1,309.58,N/A,0.12,2,Chrome,0,0
SID_00832,316,TCP,5,589.56,N/A,0.19,2,Chrome,0,0
SID_00833,299,TCP,3,1167.50,N/A,0.50,1,Chrome,0,0
SID_00834,346,TCP,8,443.20,AES,0.32,3,Chrome,0,1
SID_00835,493,TCP,2,60.44,AES,0.13,4,Chrome,0,1
SID_00836,546,UDP,5,3595.66,DES,0.47,1,Chrome,0,1
SID_00837,810,TCP,4,984.56,AES,0.34,0,Firefox,0,0
SID_00838,300,TCP,4,1026.23,N/A,0.39,0,Chrome,0,0
SID_00839,696,TCP,7,500.55,N/A,0.08,1,Chrome,1,1
SID_00840,457,TCP,4,633.56,AES,0.23,1,Chrome,0,0
SID_00841,490,UDP,7,4099.28,AES,0.66,3,Chrome,0,1
SID_00842,634,TCP,3,723.32,DES,0.45,3,Chrome,1,1
SID_00843,275,TCP,6,197.67,DES,0.15,4,Firefox,1,1
SID_00844,576,UDP,8,2667.87,DES,0.56,2,Unknown,0,1
SID_00845,533,TCP,6,617.34,AES,0.55,0,Chrome,1,0
SID_00846,598,TCP,4,16.71,AES,0.44,1,Firefox,0,0
SID_00847,557,TCP,5,681.44,DES,0.66,3,Chrome,0,1
SID_00848,991,UDP,3,58.47,DES,0.14,2,Chrome,0,1
SID_00849,372,ICMP,1,599.92,AES,0.48,2,Unknown,0,0
SID_00850,393,UDP,1,1395.89,AES,0.55,2,Unknown,1,0
SID_00851,375,TCP,3,619.25,AES,0.36,4,Firefox,0,1
SID_00852,388,ICMP,6,374.03,AES,0.04,2,Chrome,0,0
SID_00853,372,TCP,2,1713.80,N/A,0.44,2,Chrome,1,0
SID_00854,737,TCP,1,2100.33,AES,0.52,0,Edge,0,0
SID_00855,784,UDP,2,341.54,N/A,0.13,1,Firefox,0,0
SID_00856,385,TCP,5,552.84,AES,0.25,3,Firefox,0,1
SID_00857,333,TCP,3,3255.99,DES,0.46,2,Edge,0,0
SID_00858,594,TCP,3,156.91,DES,0.35,1,Chrome,0,1
SID_00859,389,TCP,5,283.23,DES,0.50,2,Firefox,0,0
SID_00860,626,UDP,2,447.48,AES,0.50,0,Chrome,0,0
SID_00861,540,TCP,3,85.08,AES,0.46,2,Chrome,0,0
SID_00862,196,TCP,1,254.01,DES,0.37,2,Chrome,0,0
SID_00863,809,TCP,8,629.42,DES,0.53,2,Firefox,0,1
SID_00864,859,UDP,6,207.53,AES,0.37,2,Chrome,0,1
SID_00865,377,UDP,4,927.42,AES,0.05,0,Unknown,0,1
SID_00866,422,TCP,3,341.77,N/A,0.10,2,Chrome,0,0
SID_00867,557,ICMP,2,75.27,N/A,0.40,0,Chrome,1,0
SID_00868,566,UDP,1,1156.95,AES,0.31,3,Chrome,0,1
SID_00869,631,TCP,5,670.38,N/A,0.43,2,Chrome,0,0
SID_00870,902,TCP,6,1393.78,DES,0.20,0,Chrome,0,0
SID_00871,464,TCP,5,357.22,AES,0.09,0,Chrome,0,0
SID_00872,340,UDP,1,15.66,AES,0.36,2,Edge,0,0
SID_00873,224,TCP,7,38.25,DES,0.65,5,Firefox,0,1
SID_00874,353,TCP,1,1269.55,N/A,0.10,0,Chrome,0,0
SID_00875,493,TCP,3,422.98,AES,0.34,0,Edge,1,0
SID_00876,858,UDP,3,2996.72,DES,0.14,2,Firefox,0,0
SID_00877,396,TCP,1,1419.02,N/A,0.43,2,Firefox,1,1
SID_00878,544,UDP,3,13.00,N/A,0.11,3,Safari,0,1
SID_00879,496,UDP,3,1632.05,AES,0.71,3,Chrome,0,1
SID_00880,737,TCP,4,191.49,DES,0.54,2,Safari,0,0
SID_00881,1005,TCP,5,532.84,AES,0.58,1,Firefox,1,0
SID_00882,393,TCP,2,564.37,DES,0.50,2,Chrome,0,0
SID_00883,402,UDP,4,49.26,DES,0.40,1,Safari,0,0
SID_00884,708,TCP,3,107.43,DES,0.18,0,Chrome,0,0
SID_00885,636,TCP,6,440.00,AES,0.16,2,Chrome,1,0
SID_00886,869,TCP,4,823.17,DES,0.41,1,Chrome,0,1
SID_00887,616,TCP,1,245.67,AES,0.67,2,Firefox,1,1
SID_00888,428,UDP,5,597.92,AES,0.17,0,Safari,0,0
SID_00889,618,TCP,5,381.31,DES,0.26,4,Chrome,0,1
SID_00890,721,UDP,5,796.19,N/A,0.17,1,Safari,0,0
SID_00891,664,TCP,7,441.93,DES,0.59,3,Chrome,0,1
SID_00892,601,TCP,5,1526.45,AES,0.22,1,Chrome,0,0
SID_00893,713,ICMP,5,3295.44,N/A,0.58,1,Chrome,0,0
SID_00894,733,TCP,3,1953.95,AES,0.12,1,Firefox,0,0
SID_00895,776,UDP,4,147.72,AES,0.51,3,Firefox,0,1
SID_00896,629,TCP,6,488.78,DES,0.23,2,Chrome,0,0
SID_00897,466,TCP,5,491.20,AES,0.41,1,Chrome,0,0
SID_00898,529,TCP,4,1468.40,DES,0.23,1,Firefox,0,0
SID_00899,741,ICMP,3,353.52,DES,0.65,0,Chrome,0,1
SID_00900,336,ICMP,2,638.10,DES,0.08,2,Chrome,0,0
SID_00901,573,TCP,4,751.81,AES,0.17,1,Chrome,0,0
SID_00902,421,TCP,1,94.60,AES,0.15,0,Unknown,0,0
SID_00903,505,TCP,6,653.09,N/A,0.29,2,Firefox,0,0
SID_00904,755,TCP,7,226.78,AES,0.69,1,Safari,0,1
SID_00905,538,UDP,3,185.16,AES,0.57,2,Chrome,0,0
SID_00906,509,TCP,1,230.48,AES,0.19,2,Firefox,0,0
SID_00907,228,ICMP,3,83.71,AES,0.10,1,Chrome,1,0
SID_00908,649,TCP,6,57.82,AES,0.16,0,Chrome,0,0
SID_00909,629,UDP,5,832.73,AES,0.01,2,Chrome,0,0
SID_00910,932,TCP,7,2263.89,N/A,0.05,2,Chrome,0,1
SID_00911,438,TCP,3,931.80,N/A,0.51,4,Chrome,0,1
SID_00912,543,ICMP,2,299.01,DES,0.22,2,Edge,0,0
SID_00913,549,TCP,1,326.43,DES,0.20,2,Chrome,0,0
SID_00914,815,UDP,4,623.64,AES,0.49,3,Firefox,1,1
SID_00915,480,ICMP,7,1609.74,N/A,0.26,1,Unknown,0,1
SID_00916,555,TCP,4,180.98,AES,0.50,1,Chrome,0,0
SID_00917,621,TCP,4,505.66,AES,0.32,1,Chrome,0,1
SID_00918,537,TCP,3,552.83,AES,0.03,1,Edge,0,0
SID_00919,410,TCP,4,2141.52,AES,0.05,1,Firefox,0,0
SID_00920,538,TCP,6,614.56,AES,0.76,3,Edge,0,1
SID_00921,714,TCP,4,1214.43,AES,0.12,0,Chrome,0,0
SID_00922,294,TCP,5,73.52,N/A,0.20,2,Firefox,0,1
SID_00923,526,TCP,1,316.72,DES,0.39,2,Firefox,0,0
SID_00924,359,TCP,5,756.21,DES,0.45,1,Chrome,0,0
SID_00925,739,TCP,4,905.66,AES,0.17,2,Chrome,0,0
SID_00926,195,TCP,3,1731.74,AES,0.41,3,Safari,1,1
SID_00927,388,TCP,2,714.11,DES,0.37,3,Chrome,1,1
SID_00928,575,TCP,4,273.52,DES,0.43,1,Firefox,0,0
SID_00929,813,TCP,4,619.65,N/A,0.17,1,Chrome,0,0
SID_00930,486,TCP,3,994.53,AES,0.68,2,Edge,0,1
SID_00931,388,TCP,6,1227.26,AES,0.24,3,Chrome,0,1
SID_00932,876,UDP,6,2314.31,DES,0.27,2,Chrome,0,0
SID_00933,210,TCP,7,169.32,N/A,0.13,2,Edge,0,1
SID_00934,64,TCP,2,865.27,AES,0.44,1,Edge,0,0
SID_00935,588,ICMP,1,178.82,DES,0.14,1,Firefox,0,0
SID_00936,399,UDP,5,306.03,AES,0.19,1,Chrome,0,1
SID_00937,295,TCP,5,123.23,N/A,0.61,1,Chrome,0,1
SID_00938,641,TCP,3,1186.22,DES,0.51,1,Edge,0,0
SID_00939,548,TCP,2,1962.72,AES,0.17,1,Chrome,0,0
SID_00940,387,TCP,5,24.31,DES,0.09,2,Firefox,1,0
SID_00941,243,ICMP,6,1343.49,DES,0.35,1,Safari,0,0
SID_00942,674,TCP,4,221.40,AES,0.54,0,Chrome,0,0
SID_00943,630,UDP,3,533.94,AES,0.22,0,Chrome,1,0
SID_00944,480,TCP,3,1103.36,AES,0.35,1,Edge,0,0
SID_00945,869,ICMP,4,565.56,N/A,0.12,1,Firefox,0,0
SID_00946,285,TCP,7,210.39,AES,0.08,3,Chrome,0,1
SID_00947,194,TCP,7,1892.98,AES,0.34,2,Firefox,1,1
SID_00948,361,TCP,4,720.30,AES,0.74,2,Safari,0,1
SID_00949,490,TCP,4,2141.89,DES,0.11,0,Unknown,0,1
SID_00950,548,TCP,4,1499.98,AES,0.56,0,Chrome,0,0
SID_00951,451,UDP,7,1673.78,N/A,0.42,0,Firefox,1,1
SID_00952,570,TCP,4,359.17,AES,0.36,2,Unknown,0,1
SID_00953,249,UDP,3,3493.88,AES,0.17,2,Chrome,0,0
SID_00954,788,TCP,5,1530.57,AES,0.43,1,Chrome,0,0
SID_00955,483,TCP,2,329.52,AES,0.44,0,Chrome,0,0
SID_00956,723,ICMP,4,1813.89,AES,0.11,1,Chrome,0,0
SID_00957,568,TCP,1,1126.15,N/A,0.28,1,Edge,0,0
SID_00958,591,TCP,4,1033.19,DES,0.37,0,Chrome,1,0
SID_00959,613,TCP,5,5.00,N/A,0.21,1,Chrome,0,0
SID_00960,589,TCP,7,18.26,AES,0.52,3,Firefox,0,1
SID_00961,628,UDP,2,949.41,DES,0.22,3,Chrome,0,1
SID_00962,765,TCP,2,261.34,DES,0.53,1,Chrome,0,0
SID_00963,539,TCP,2,48.24,AES,0.28,1,Chrome,0,0
SID_00964,641,UDP,5,269.44,DES,0.43,1,Safari,0,0
SID_00965,482,TCP,5,1455.68,N/A,0.44,2,Chrome,0,0
SID_00966,788,TCP,6,508.83,AES,0.15,1,Firefox,0,0
SID_00967,364,ICMP,4,764.81,AES,0.71,2,Chrome,0,1
SID_00968,860,TCP,3,1289.57,N/A,0.22,0,Chrome,0,0
SID_00969,491,UDP,4,312.51,AES,0.30,2,Unknown,0,1
SID_00970,213,TCP,2,8.97,DES,0.09,1,Firefox,0,1
SID_00971,525,UDP,4,312.45,AES,0.08,2,Chrome,1,0
SID_00972,363,UDP,6,2511.28,DES,0.35,3,Chrome,0,1
SID_00973,668,TCP,4,526.66,DES,0.43,3,Firefox,0,1
SID_00974,369,TCP,3,674.82,DES,0.24,2,Chrome,0,0
SID_00975,410,TCP,3,1143.13,N/A,0.06,1,Chrome,0,0
SID_00976,122,UDP,3,97.67,AES,0.14,3,Chrome,0,1
SID_00977,409,TCP,4,1059.21,N/A,0.25,1,Firefox,1,1
SID_00978,64,TCP,1,282.78,AES,0.52,1,Chrome,0,0
SID_00979,183,TCP,3,393.03,DES,0.20,0,Firefox,0,0
SID_00980,652,ICMP,3,251.21,AES,0.51,3,Chrome,0,1
SID_00981,657,TCP,6,133.36,AES,0.19,3,Edge,0,1
SID_00982,585,TCP,6,358.86,DES,0.56,3,Chrome,0,1
SID_00983,306,TCP,4,79.54,AES,0.27,1,Chrome,0,0
SID_00984,490,TCP,5,1490.32,AES,0.40,3,Chrome,1,1
SID_00985,499,TCP,6,292.16,AES,0.57,2,Chrome,0,0
SID_00986,268,TCP,1,848.17,DES,0.15,1,Chrome,0,0
SID_00987,800,UDP,4,281.57,DES,0.31,2,Unknown,1,1
SID_00988,675,ICMP,3,189.29,N/A,0.41,1,Edge,0,0
SID_00989,455,TCP,2,1000.45,N/A,0.21,2,Chrome,0,0
SID_00990,505,TCP,8,782.54,DES,0.66,3,Firefox,0,1
SID_00991,541,TCP,2,196.83,AES,0.36,2,Chrome,0,1
SID_00992,91,TCP,1,757.60,AES,0.57,3,Chrome,0,1
SID_00993,450,TCP,1,4.01,AES,0.36,2,Edge,0,0
SID_00994,363,TCP,2,155.76,AES,0.13,1,Edge,0,0
SID_00995,299,TCP,2,1040.84,N/A,0.18,2,Safari,1,0
SID_00996,443,UDP,4,422.31,N/A,0.12,2,Chrome,1,0
SID_00997,859,UDP,6,182.15,AES,0.38,1,Edge,0,0
SID_00998,628,TCP,6,564.04,N/A,0.34,2,Edge,0,0
SID_00999,385,TCP,8,500.72,N/A,0.29,0,Chrome,0,1
SID_01000,614,UDP,8,803.96,N/A,0.35,1,Chrome,0,1
